{
  "id": 2, 
  "title": "A backdoor file exists on the server", 
  "severity": "high", 
  "description": [
    "If a server has been previously compromised, there is a high", 
    "probability that the cyber-criminal has installed a backdoor so that", 
    "they can easily return to the server if required. One method of", 
    "achieving this is to place a web backdoor or web shell within the web", 
    "root of the web server. This will then enable the cyber-criminal to", 
    "access the server through a HTTP/S session.\n\nAlthough extremely bad", 
    "practice, it is possible that the web backdoor or web shell has been", 
    "placed there by an administrator so they can perform administrative", 
    "activities remotely.\n\nDuring the initial recon stages of an attack,", 
    "cyber-criminals will attempt to locate these web backdoors or shells", 
    "by requesting the names of the most common and well known ones.\n\nBy", 
    "analysing the response, they are able to determine if a web backdoor", 
    "or web shell exists. These web backdoors or web shells can then", 
    "provide an easy path for further compromise of the server.\n\nBy", 
    "utilising the same methods as the cyber-criminals, the tool was able to", 
    "discover a possible web backdoor or web shell."
  ], 
  "fix": {
    "effort": 50, 
    "guidance": [
      "If manual confirmation reveals that a web backdoor or web shell does", 
      "exist on the server, then it should be removed. It is also recommended", 
      "that an incident response investigation be conducted on the server to", 
      "establish how the web backdoor or web shell came to end up on the", 
      "server.\n\nDepending on the environment, investigation into the", 
      "compromise of any other services or servers should be conducted."
    ]
  },
  "cwe": ["489"],
  "tags": [
    "web",
    "path", 
    "backdoor", 
    "file", 
    "discovery"
  ], 
  "references": [
    {
      "url": "https://www.blackhat.com/presentations/bh-usa-07/Wysopal_and_Eng/Presentation/bh-usa-07-wysopal_and_eng.pdf", 
      "title": "Static Detection of Application Backdoors"
    }
  ]
}