{
  "id": 24, 
  "title": "Insecure client-access policy", 
  "severity": "low", 
  "description": [
    "The browser security model normally prevents web content from one", 
    "domain from accessing data from another domain. This is commonly known", 
    "as the \"same origin policy\".\n\nURL policy files grant cross-domain", 
    "permissions for reading data. They permit operations that are not", 
    "permitted by default. The URL policy file for Silverlight is located,", 
    "by default, in the root directory of the target server, with the name", 
    "`ClientAccessPolicy.xml` (for example, at", 
    "`www.example.com/ClientAccessPolicy.xml`).\n\nWhen a domain is specified", 
    "in `ClientAccessPolicy.xml`, the site declares that it is willing to", 
    "allow the operators of any servers in that domain to obtain any", 
    "document on the server where the policy file resides.\n\nThe", 
    "`ClientAccessPolicy.xml` file deployed on this website opens the", 
    "server to all domains (use of a single asterisk \"*\" as a pure wildcard", 
    "is supported)."
  ], 
  "fix": {
    "effort": 50, 
    "guidance": [
      "Carefully evaluate which sites will be allowed to make cross-domain", 
      "calls.\n\nConsider network topology and any authentication mechanisms", 
      "that will be affected by the configuration or implementation of the", 
      "cross-domain policy."
    ]
  }, 
  "cwe": ["346"],
  "references": [
    {
      "url": "https://msdn.microsoft.com/en-us/library/cc197955%28v=vs.95%29.aspx", 
      "title": "MSDN"
    }, 
    {
      "url": "https://www.owasp.org/index.php/Test_Cross_Origin_Resource_Sharing_%28OTG-CLIENT-007%29", 
      "title": "OWASP"
    }
  ]
}