{
  "id": 29, 
  "title": "Interesting response", 
  "severity": "informational", 
  "description": [
    "The server responded with a strange HTTP status code. This is a non-issue",
    "however exotic HTTP response status codes can provide useful insights",
    "into the behavior of the web application and assist with the information",
    "security analysis."
  ], 
  "fix": {
    "effort": 60,
    "guidance": "Manually inspect the HTTP response status code and body"
  }, 
  "tags": [
    "web",
    "interesting", 
    "response", 
    "server"
  ], 
  "references": [
    {
      "url": "http://www.w3.org/Protocols/rfc2616/rfc2616-sec10.html", 
      "title": "RFC-2616"
    }
  ]
}