{
  "id": 36, 
  "title": "Operating system command injection", 
  "severity": "high", 
  "description": [
    "To perform specific actions from within a web application, it is", 
    "occasionally required to run Operating System commands and have the", 
    "output of these commands captured by the web application and returned", 
    "to the client.\n\nOS command injection occurs when user supplied input", 
    "is inserted into one of these commands without proper sanitisation and", 
    "is then executed by the server.\n\nCyber-criminals will abuse this", 
    "weakness to perform their own arbitrary commands on the server. This", 
    "can include everything from simple `ping` commands to map the internal", 
    "network, to obtaining full control of the server.",
    "\n\n",
    "It was possible to inject and verify the execution of specific Operating",
    "System commands which indicates that proper input sanitisation is not",
    "occurring."
  ], 
  "fix": {
    "effort": 50, 
    "guidance": [
      "It is recommended that untrusted data is never used to form a command", 
      "to be executed by the OS.\n\nTo validate data, the application should", 
      "ensure that the supplied value contains only the characters that are", 
      "required to perform the required action.\n\nFor example, where the form", 
      "field expects an IP address, only numbers and periods should be", 
      "accepted. Additionally, all control operators (`&`, `&&`, `|`, `||`,", 
      "`$`, `\\`, `#`) should be explicitly denied and never accepted as valid", 
      "input by the server."
    ]
  }, 
  "cwe": ["78"],
  "owasp_top_10": {"2013": [1]},
  "tags": [
    "web",
    "os", 
    "command", 
    "code", 
    "injection"
  ], 
  "references": [
    {
      "url": "http://projects.webappsec.org/w/page/13246950/OS%20Commanding", 
      "title": "WASC"
    }, 
    {
      "url": "https://www.owasp.org/index.php/OS_Command_Injection", 
      "title": "OWASP"
    }
  ]
}