{
  "id": 4, 
  "title": "Backup file", 
  "severity": "medium", 
  "description": [
    "A common practice when administering web applications is to create a", 
    "copy/backup of a particular file or directory prior to making any", 
    "modification to the file. Another common practice is to add an", 
    "extension or change the name of the original file to signify that it", 
    "is a backup (examples include `.bak`, `.orig`, `.backup`, etc.).", 
    "During the initial recon stages of an attack, cyber-criminals will", 
    "attempt to locate backup files by adding common extensions onto files", 
    "already discovered on the webserver. By analysing the response headers", 
    "from the server they are able to determine if the backup file exists.", 
    "These backup files can then assist in the compromise of the web", 
    "application.\n\nBy utilising the same method, the tool was able to", 
    "discover a possible backup file."
  ], 
  "fix": {
    "effort": 50, 
    "guidance": [
      "Do not keep obsolete versions of files under the virtual web server", 
      "root.\n\nWhen updating the site, delete or move the files to a directory", 
      "outside the virtual root, edit them there, and move (or copy) the", 
      "files back to the virtual root. Make sure that only the files that are", 
      "actually in use reside under the virtual root.\n\nPreventing access", 
      "without authentication may also be an option and stop a client being", 
      "able to view the contents of a file, however it is still likely that", 
      "the filenames will be able to be discovered.\n\nUsing obscure filenames", 
      "is only implementing security through obscurity and is not a", 
      "recommended option."
    ]
  }, 
  "cwe": ["530"],
  "owasp_top_10": {"2013": [5]},
  "tags": [
    "web",
    "path", 
    "backup", 
    "file", 
    "discovery"
  ], 
  "references": [
    {
      "url": "http://www.webappsec.org/projects/threat/classes/information_leakage.shtml", 
      "title": "WebAppSec"
    }
  ]
}