{
  "id": 52, 
  "title": "WebDAV", 
  "severity": "informational", 
  "description": [
    "Web Distributed Authoring and Versioning (WebDAV) is a facility that", 
    "enables basic file management (reading and writing) to a web server.", 
    "It essentially allows the webserver to be mounted by the client as a", 
    "traditional file system allowing users a very simplistic means to", 
    "access it as they would any other medium or network share.\n\nIf", 
    "discovered, attackers will attempt to harvest information from the", 
    "WebDAV enabled directories, or even upload malicious files that could", 
    "then be used to compromise the server.\n\nThe tool discovered that the", 
    "affected page allows WebDAV access. This was discovered as the server", 
    "allowed several specific methods that are specific to WebDAV", 
    "(`PROPFIND`, `PROPPATCH`, etc.), however, further testing should be", 
    "conducted on the WebDAV component specifically as the tool does support", 
    "this feature."
  ], 
  "fix": {
    "effort": 50, 
    "guidance": [
      "Identification of the requirement to run a WebDAV server should be", 
      "considered. If it is not required then it should be disabled. However,", 
      "if it is required to meet the application functionality, then it", 
      "should be protected by SSL/TLS as well as the implementation of a", 
      "strong authentication mechanism."
    ]
  }, 
  "tags": [
    "web",
    "webdav", 
    "options", 
    "methods", 
    "server"
  ], 
  "references": [
    {
      "url": "http://www.webdav.org/specs/rfc4918.html", 
      "title": "WebDAV.org"
    }, 
    {
      "url": "http://en.wikipedia.org/wiki/WebDAV", 
      "title": "Wikipedia"
    }
  ]
}