{
  "id": 53, 
  "title": "Missing 'X-Frame-Options' header", 
  "severity": "low", 
  "description": [
    "Clickjacking (User Interface redress attack, UI redress attack, UI", 
    "redressing) is a malicious technique of tricking a Web user into", 
    "clicking on something different from what the user perceives they are", 
    "clicking on, thus potentially revealing confidential information or", 
    "taking control of their computer while clicking on seemingly innocuous", 
    "web pages.\n\nThe server didn't return an `X-Frame-Options` header which", 
    "means that this website could be at risk of a clickjacking attack.", 
    "The `X-Frame-Options` HTTP response header can be used to indicate", 
    "whether or not a browser should be allowed to render a page inside a", 
    "frame or iframe. Sites can use this to avoid clickjacking attacks, by", 
    "ensuring that their content is not embedded into other sites."
  ], 
  "fix": {
    "effort": 50, 
    "guidance": "Configure your web server to include an X-Frame-Options header."
  }, 
  "references": [
    {
      "url": "http://tools.ietf.org/html/rfc7034", 
      "title": "RFC-7034"
    }, 
    {
      "url": "https://developer.mozilla.org/en-US/docs/Web/HTTP/X-Frame-Options", 
      "title": "Mozilla developer network"
    }, 
    {
      "url": "https://www.owasp.org/index.php/Clickjacking", 
      "title": "OWASP Clickjacking document"
    }
  ]
}