{
  "id": 65, 
  "title": "Unrestricted file upload",
  "severity": "high",
  "description": [
    "Many web applications allow users to upload files that will either be",
    "stored or processed by the receiving web server.",
    "\n\n",
    "It was possible to identify a form which allows files with arbitrary",
    "content and extension to be uploaded to the remote server, and then",
    "stores the uploaded file to a guessable path in the server's web root.",
    "\n\n",
    "This could be used by a cyber-criminal to host content from the vulnerable",
    "server for phishing and Cross-Site Scripting attacks. In cases where the",
    "server is configured to execute scripts (PHP, Ruby, etc.) this",
    "vulnerability can be used to gain remote code execution on the server."
  ],
  "fix": {
    "effort": 10,
    "guidance": [
      "The identified form handler should at a minimum:",
      "\n\n",
      "1. Whitelist permitted file types and block all others. This should be",
      "conducted on the MIME type of the file rather than its extension.\n",
      "2. As the file is uploaded, and prior to being handled (written to the",
      "disk) by the server, the filename should be stripped of all control,",
      "special, or Unicode characters.\n",
      "3. Ensure that the upload is conducted via the HTTP `POST` method rather",
      "than `GET` or `PUT`.\n",
      "4. Ensure that the file is written to a directory that does not hold",
      "any execute permission and that all files within that directory inherit",
      "the same permissions.\n",
      "5. Scan (if possible) with an up-to-date virus scanner before being",
      "stored.\n",
      "6. Ensure that the application handles files as per the host operating",
      "system. For example, the length of the file name is appropriate, there",
      "is adequate space to store the file, protection against overwriting",
      "other files etc."
    ]
  }, 
  "tags": [
    "web",
    "file", 
    "upload"
  ], 
  "cwe": ["434"],
  "owasp_top_10": {"2013": [4]},
  "references": [
    {
      "url": "https://www.owasp.org/index.php/Unrestricted_File_Upload", 
      "title": "owasp.org"
    }
  ]
}