{
  "id": 75, 
  "title": "Guessable credentials", 
  "severity": "low", 
  "description": [
    "Web Applications often have predictable usernames and weak password policies set.", 
    "This can easily allow an attacker to gain unauthorized access into the application", 
    "by guessing the credentials used for authentication.\n\nIt was possible to guess and",
    "gain a set a valid credentials for the application is scope."
  ], 
  "fix": {
    "effort": 40, 
    "guidance": [
      "Do not have any default credentials set on the application. Any known usernames", 
      "or passwords associated with the application framework should also be removed.", 
      "Furthermore, Web Applications should implement a strong password policy consisting", 
      "of a combination of alphanumeric characters and a minimum length of 8 characters." 
    ]
  },
  "cwe": ["522"],
  "owasp_top_10": {"2013": [5]},
  "tags": [
    "guessable",
    "credentials", 
    "weak", 
    "predictable"
  ], 
  "references": [
    {
      "url": "https://www.owasp.org/index.php/Testing_for_User_Enumeration_and_Guessable_User_Account_(OWASP-AT-002)", 
      "title": "OWASP Reference"
    }
  ]
}
